Feature,F Score
carat,273144.7405054570
cut,139.28693194818700
color,1465.8995101203900
clarity,1079.6308365123000
depth,5.073616525635010
table,802.1370739938380
x,174973.85461522900
y,142130.18138078600
z,138947.27489906400