Max Depth,200 * OOB,Test RSME,Train RSME
4,184.8897965,1093.68057,1090.131115
20,196.3864791,534.4829574,208.1138089
100,196.375768,534.7722537,198.3342015
200,196.3766937,533.9593106,198.5191772